date,ron95_vung1,is_update_day
2020-01-15,20910,1
2020-01-16,20910,0
2020-01-17,20910,0
2020-01-18,20910,0
2020-01-19,20910,0
2020-01-20,20910,0
2020-01-21,20910,0
2020-01-22,20910,0
2020-01-23,20910,0
2020-01-24,20910,0
2020-01-25,20910,0
2020-01-26,20910,0
2020-01-27,20910,0
2020-01-28,20910,0
2020-01-29,20910,0
2020-01-30,20120,1
2020-01-31,20120,0
2020-02-01,20120,0
2020-02-02,20120,0
2020-02-03,20120,0
2020-02-04,20120,0
2020-02-05,20120,0
2020-02-06,20120,0
2020-02-07,20120,0
2020-02-08,20120,0
2020-02-09,20120,0
2020-02-10,20120,0
2020-02-11,20120,0
2020-02-12,20120,0
2020-02-13,20120,0
2020-02-14,19380,1
2020-02-15,19380,0
2020-02-16,19380,0
2020-02-17,19380,0
2020-02-18,19380,0
2020-02-19,19380,0
2020-02-20,19380,0
2020-02-21,19380,0
2020-02-22,19380,0
2020-02-23,19380,0
2020-02-24,19380,0
2020-02-25,19380,0
2020-02-26,19380,0
2020-02-27,19380,0
2020-02-28,19380,0
2020-02-29,19120,1
2020-03-01,19120,0
2020-03-02,19120,0
2020-03-03,19120,0
2020-03-04,19120,0
2020-03-05,19120,0
2020-03-06,19120,0
2020-03-07,19120,0
2020-03-08,19120,0
2020-03-09,19120,0
2020-03-10,19120,0
2020-03-11,19120,0
2020-03-12,19120,0
2020-03-13,19120,0
2020-03-14,19120,0
2020-03-15,16810,1
2020-03-16,16810,0
2020-03-17,16810,0
2020-03-18,16810,0
2020-03-19,16810,0
2020-03-20,16810,0
2020-03-21,16810,0
2020-03-22,16810,0
2020-03-23,16810,0
2020-03-24,16810,0
2020-03-25,16810,0
2020-03-26,16810,0
2020-03-27,16810,0
2020-03-28,16810,0
2020-03-29,12560,1
2020-03-30,12560,0
2020-03-31,12560,0
2020-04-01,12560,0
2020-04-02,12560,0
2020-04-03,12560,0
2020-04-04,12560,0
2020-04-05,12560,0
2020-04-06,12560,0
2020-04-07,12560,0
2020-04-08,12560,0
2020-04-09,12560,0
2020-04-10,12560,0
2020-04-11,12560,0
2020-04-12,12560,0
2020-04-13,11930,1
2020-04-14,11930,0
2020-04-15,11930,0
2020-04-16,11930,0
2020-04-17,11930,0
2020-04-18,11930,0
2020-04-19,11930,0
2020-04-20,11930,0
2020-04-21,11930,0
2020-04-22,11930,0
2020-04-23,11930,0
2020-04-24,11930,0
2020-04-25,11930,0
2020-04-26,11930,0
2020-04-27,11930,0
2020-04-28,11630,1
2020-04-29,11630,0
2020-04-30,11630,0
2020-05-01,11630,0
2020-05-02,11630,0
2020-05-03,11630,0
2020-05-04,11630,0
2020-05-05,11630,0
2020-05-06,11630,0
2020-05-07,11630,0
2020-05-08,11630,0
2020-05-09,11630,0
2020-05-10,11630,0
2020-05-11,11630,0
2020-05-12,11630,0
2020-05-13,12230,1
2020-05-14,12230,0
2020-05-15,12230,0
2020-05-16,12230,0
2020-05-17,12230,0
2020-05-18,12230,0
2020-05-19,12230,0
2020-05-20,12230,0
2020-05-21,12230,0
2020-05-22,12230,0
2020-05-23,12230,0
2020-05-24,12230,0
2020-05-25,12230,0
2020-05-26,12230,0
2020-05-27,12230,0
2020-05-28,13120,1
2020-05-29,13120,0
2020-05-30,13120,0
2020-05-31,13120,0
2020-06-01,13120,0
2020-06-02,13120,0
2020-06-03,13120,0
2020-06-04,13120,0
2020-06-05,13120,0
2020-06-06,13120,0
2020-06-07,13120,0
2020-06-08,13120,0
2020-06-09,13120,0
2020-06-10,13120,0
2020-06-11,13120,0
2020-06-12,14080,1
2020-06-13,14080,0
2020-06-14,14080,0
2020-06-15,14080,0
2020-06-16,14080,0
2020-06-17,14080,0
2020-06-18,14080,0
2020-06-19,14080,0
2020-06-20,14080,0
2020-06-21,14080,0
2020-06-22,14080,0
2020-06-23,14080,0
2020-06-24,14080,0
2020-06-25,14080,0
2020-06-26,14080,0
2020-06-27,14970,1
2020-06-28,14970,0
2020-06-29,14970,0
2020-06-30,14970,0
2020-07-01,14970,0
2020-07-02,14970,0
2020-07-03,14970,0
2020-07-04,14970,0
2020-07-05,14970,0
2020-07-06,14970,0
2020-07-07,14970,0
2020-07-08,14970,0
2020-07-09,14970,0
2020-07-10,14970,0
2020-07-11,14970,0
2020-07-12,14970,0
2020-07-13,14970,1
2020-07-14,14970,0
2020-07-15,14970,0
2020-07-16,14970,0
2020-07-17,14970,0
2020-07-18,14970,0
2020-07-19,14970,0
2020-07-20,14970,0
2020-07-21,22790,1
2020-07-22,22790,0
2020-07-23,22790,0
2020-07-24,22790,0
2020-07-25,22790,0
2020-07-26,22790,0
2020-07-27,22790,0
2020-07-28,14970,1
2020-07-29,14970,0
2020-07-30,14970,0
2020-07-31,14970,0
2020-08-01,14970,0
2020-08-02,14970,0
2020-08-03,14970,0
2020-08-04,14970,0
2020-08-05,14970,0
2020-08-06,14970,0
2020-08-07,14970,0
2020-08-08,14970,0
2020-08-09,14970,0
2020-08-10,14970,0
2020-08-11,14970,0
2020-08-12,14920,1
2020-08-13,14920,0
2020-08-14,14920,0
2020-08-15,14920,0
2020-08-16,14920,0
2020-08-17,14920,0
2020-08-18,14920,0
2020-08-19,14920,0
2020-08-20,14920,0
2020-08-21,14920,0
2020-08-22,14920,0
2020-08-23,14920,0
2020-08-24,14920,0
2020-08-25,14920,0
2020-08-26,14920,0
2020-08-27,15110,1
2020-08-28,15110,0
2020-08-29,15110,0
2020-08-30,15110,0
2020-08-31,15110,0
2020-09-01,15110,0
2020-09-02,15110,0
2020-09-03,15110,0
2020-09-04,15110,0
2020-09-05,15110,0
2020-09-06,15110,0
2020-09-07,15110,0
2020-09-08,15110,0
2020-09-09,15110,0
2020-09-10,15110,0
2020-09-11,14980,1
2020-09-12,14980,0
2020-09-13,14980,0
2020-09-14,14980,0
2020-09-15,14980,0
2020-09-16,14980,0
2020-09-17,14980,0
2020-09-18,14980,0
2020-09-19,14980,0
2020-09-20,14980,0
2020-09-21,14980,0
2020-09-22,14980,0
2020-09-23,14980,0
2020-09-24,14980,0
2020-09-25,14980,0
2020-09-26,15270,1
2020-09-27,15270,0
2020-09-28,15270,0
2020-09-29,15270,0
2020-09-30,15270,0
2020-10-01,15270,0
2020-10-02,15270,0
2020-10-03,15270,0
2020-10-04,15270,0
2020-10-05,15270,0
2020-10-06,15270,0
2020-10-07,15270,0
2020-10-08,15270,0
2020-10-09,15270,0
2020-10-10,15270,0
2020-10-11,15270,0
2020-10-12,15120,1
2020-10-13,15120,0
2020-10-14,15120,0
2020-10-15,15120,0
2020-10-16,15120,0
2020-10-17,15120,0
2020-10-18,15120,0
2020-10-19,15120,0
2020-10-20,15120,0
2020-10-21,15120,0
2020-10-22,15120,0
2020-10-23,15120,0
2020-10-24,15120,0
2020-10-25,15120,0
2020-10-26,15120,0
2020-10-27,14940,1
2020-10-28,14940,0
2020-10-29,14940,0
2020-10-30,14940,0
2020-10-31,14940,0
2020-11-01,14940,0
2020-11-02,14940,0
2020-11-03,14940,0
2020-11-04,14940,0
2020-11-05,14940,0
2020-11-06,14940,0
2020-11-07,14940,0
2020-11-08,14940,0
2020-11-09,14940,0
2020-11-10,14940,0
2020-11-11,14700,1
2020-11-12,14700,0
2020-11-13,14700,0
2020-11-14,14700,0
2020-11-15,14700,0
2020-11-16,14700,0
2020-11-17,14700,0
2020-11-18,14700,0
2020-11-19,14700,0
2020-11-20,14700,0
2020-11-21,14700,0
2020-11-22,14700,0
2020-11-23,14700,0
2020-11-24,14700,0
2020-11-25,14700,0
2020-11-26,15350,1
2020-11-27,15350,0
2020-11-28,15350,0
2020-11-29,15350,0
2020-11-30,15350,0
2020-12-01,15350,0
2020-12-02,15350,0
2020-12-03,15350,0
2020-12-04,15350,0
2020-12-05,15350,0
2020-12-06,15350,0
2020-12-07,15350,0
2020-12-08,15350,0
2020-12-09,15350,0
2020-12-10,15350,0
2020-12-11,16000,1
2020-12-12,16000,0
2020-12-13,16000,0
2020-12-14,16000,0
2020-12-15,16000,0
2020-12-16,16000,0
2020-12-17,16000,0
2020-12-18,16000,0
2020-12-19,16000,0
2020-12-20,16000,0
2020-12-21,16000,0
2020-12-22,16000,0
2020-12-23,16000,0
2020-12-24,16000,0
2020-12-25,16000,0
2020-12-26,16470,1
2020-12-27,16470,0
2020-12-28,16470,0
2020-12-29,16470,0
2020-12-30,16470,0
2020-12-31,16470,0
2021-01-01,16470,0
2021-01-02,16470,0
2021-01-03,16470,0
2021-01-04,16470,0
2021-01-05,16470,0
2021-01-06,16470,0
2021-01-07,16470,0
2021-01-08,16470,0
2021-01-09,16470,0
2021-01-10,16470,0
2021-01-11,16930,1
2021-01-12,16930,0
2021-01-13,16930,0
2021-01-14,16930,0
2021-01-15,16930,0
2021-01-16,16930,0
2021-01-17,16930,0
2021-01-18,16930,0
2021-01-19,16930,0
2021-01-20,16930,0
2021-01-21,16930,0
2021-01-22,16930,0
2021-01-23,16930,0
2021-01-24,16930,0
2021-01-25,16930,0
2021-01-26,17270,1
2021-01-27,17270,0
2021-01-28,17270,0
2021-01-29,17270,0
2021-01-30,17270,0
2021-01-31,17270,0
2021-02-01,17270,0
2021-02-02,17270,0
2021-02-03,17270,0
2021-02-04,17270,0
2021-02-05,17270,0
2021-02-06,17270,0
2021-02-07,17270,0
2021-02-08,17270,0
2021-02-09,17270,0
2021-02-10,17270,1
2021-02-11,17270,0
2021-02-12,17270,0
2021-02-13,17270,0
2021-02-14,17270,0
2021-02-15,17270,0
2021-02-16,17270,0
2021-02-17,17270,0
2021-02-18,17270,0
2021-02-19,17270,0
2021-02-20,17270,0
2021-02-21,17270,0
2021-02-22,17270,0
2021-02-23,17270,0
2021-02-24,17270,0
2021-02-25,18080,1
2021-02-26,18080,0
2021-02-27,18080,0
2021-02-28,18080,0
2021-03-01,18080,0
2021-03-02,18080,0
2021-03-03,18080,0
2021-03-04,18080,0
2021-03-05,18080,0
2021-03-06,18080,0
2021-03-07,18080,0
2021-03-08,18080,0
2021-03-09,18080,0
2021-03-10,18080,0
2021-03-11,18080,0
2021-03-12,18880,1
2021-03-13,18880,0
2021-03-14,18880,0
2021-03-15,18880,0
2021-03-16,18880,0
2021-03-17,18880,0
2021-03-18,18880,0
2021-03-19,18880,0
2021-03-20,18880,0
2021-03-21,18880,0
2021-03-22,18880,0
2021-03-23,18880,0
2021-03-24,18880,0
2021-03-25,18880,0
2021-03-26,18880,0
2021-03-27,19040,1
2021-03-28,19040,0
2021-03-29,19040,0
2021-03-30,19040,0
2021-03-31,19040,0
2021-04-01,19040,0
2021-04-02,19040,0
2021-04-03,19040,0
2021-04-04,19040,0
2021-04-05,19040,0
2021-04-06,19040,0
2021-04-07,19040,0
2021-04-08,19040,0
2021-04-09,19040,0
2021-04-10,19040,0
2021-04-11,19040,0
2021-04-12,18970,1
2021-04-13,18970,0
2021-04-14,18970,0
2021-04-15,18970,0
2021-04-16,18970,0
2021-04-17,18970,0
2021-04-18,18970,0
2021-04-19,18970,0
2021-04-20,18970,0
2021-04-21,18970,0
2021-04-22,18970,0
2021-04-23,18970,0
2021-04-24,18970,0
2021-04-25,18970,0
2021-04-26,18970,0
2021-04-27,19160,1
2021-04-28,19160,0
2021-04-29,19160,0
2021-04-30,19160,0
2021-05-01,19160,0
2021-05-02,19160,0
2021-05-03,19160,0
2021-05-04,19160,0
2021-05-05,19160,0
2021-05-06,19160,0
2021-05-07,19160,0
2021-05-08,19160,0
2021-05-09,19160,0
2021-05-10,19160,0
2021-05-11,19160,0
2021-05-12,19530,1
2021-05-13,19530,0
2021-05-14,19530,0
2021-05-15,19530,0
2021-05-16,19530,0
2021-05-17,19530,0
2021-05-18,19530,0
2021-05-19,19530,0
2021-05-20,19530,0
2021-05-21,19530,0
2021-05-22,19530,0
2021-05-23,19530,0
2021-05-24,19530,0
2021-05-25,19530,0
2021-05-26,19530,0
2021-05-27,19530,1
2021-05-28,19530,0
2021-05-29,19530,0
2021-05-30,19530,0
2021-05-31,19530,0
2021-06-01,19530,0
2021-06-02,19530,0
2021-06-03,19530,0
2021-06-04,19530,0
2021-06-05,19530,0
2021-06-06,19530,0
2021-06-07,19530,0
2021-06-08,19530,0
2021-06-09,19530,0
2021-06-10,19530,0
2021-06-11,20160,1
2021-06-12,20160,0
2021-06-13,20160,0
2021-06-14,20160,0
2021-06-15,20160,0
2021-06-16,20160,0
2021-06-17,20160,0
2021-06-18,20160,0
2021-06-19,20160,0
2021-06-20,20160,0
2021-06-21,20160,0
2021-06-22,20160,0
2021-06-23,20160,0
2021-06-24,20160,0
2021-06-25,20160,0
2021-06-26,20910,1
2021-06-27,20910,0
2021-06-28,20910,0
2021-06-29,20910,0
2021-06-30,20910,0
2021-07-01,20910,0
2021-07-02,20910,0
2021-07-03,20910,0
2021-07-04,20910,0
2021-07-05,20910,0
2021-07-06,20910,0
2021-07-07,20910,0
2021-07-08,20910,0
2021-07-09,20910,0
2021-07-10,20910,0
2021-07-11,20910,0
2021-07-12,21780,1
2021-07-13,21780,0
2021-07-14,21780,0
2021-07-15,21780,0
2021-07-16,21780,0
2021-07-17,21780,0
2021-07-18,21780,0
2021-07-19,21780,0
2021-07-20,21780,0
2021-07-21,21780,0
2021-07-22,21780,0
2021-07-23,21780,0
2021-07-24,21780,0
2021-07-25,21780,0
2021-07-26,21780,0
2021-07-27,21680,1
2021-07-28,21680,0
2021-07-29,21680,0
2021-07-30,21680,0
2021-07-31,21680,0
2021-08-01,21680,0
2021-08-02,21680,0
2021-08-03,21680,0
2021-08-04,21680,0
2021-08-05,21680,0
2021-08-06,21680,0
2021-08-07,21680,0
2021-08-08,21680,0
2021-08-09,21680,0
2021-08-10,21680,0
2021-08-11,21680,1
2021-08-12,21680,0
2021-08-13,21680,0
2021-08-14,21680,0
2021-08-15,21680,0
2021-08-16,21680,0
2021-08-17,21680,0
2021-08-18,21680,0
2021-08-19,21680,0
2021-08-20,21680,0
2021-08-21,21680,0
2021-08-22,21680,0
2021-08-23,21680,0
2021-08-24,21680,0
2021-08-25,21680,0
2021-08-26,21130,1
2021-08-27,21130,0
2021-08-28,21130,0
2021-08-29,21130,0
2021-08-30,21130,0
2021-08-31,21130,0
2021-09-01,21130,0
2021-09-02,21130,0
2021-09-03,21130,0
2021-09-04,21130,0
2021-09-05,21130,0
2021-09-06,21130,0
2021-09-07,21130,0
2021-09-08,21130,0
2021-09-09,21130,0
2021-09-10,21390,1
2021-09-11,21390,0
2021-09-12,21390,0
2021-09-13,21390,0
2021-09-14,21390,0
2021-09-15,21390,0
2021-09-16,21390,0
2021-09-17,21390,0
2021-09-18,21390,0
2021-09-19,21390,0
2021-09-20,21390,0
2021-09-21,21390,0
2021-09-22,21390,0
2021-09-23,21390,0
2021-09-24,21390,0
2021-09-25,21940,1
2021-09-26,21940,0
2021-09-27,21940,0
2021-09-28,21940,0
2021-09-29,21940,0
2021-09-30,21940,0
2021-10-01,21940,0
2021-10-02,21940,0
2021-10-03,21940,0
2021-10-04,21940,0
2021-10-05,21940,0
2021-10-06,21940,0
2021-10-07,21940,0
2021-10-08,21940,0
2021-10-09,21940,0
2021-10-10,21940,0
2021-10-11,22870,1
2021-10-12,22870,0
2021-10-13,22870,0
2021-10-14,22870,0
2021-10-15,22870,0
2021-10-16,22870,0
2021-10-17,22870,0
2021-10-18,22870,0
2021-10-19,22870,0
2021-10-20,22870,0
2021-10-21,22870,0
2021-10-22,22870,0
2021-10-23,22870,0
2021-10-24,22870,0
2021-10-25,22870,0
2021-10-26,24330,1
2021-10-27,24330,0
2021-10-28,24330,0
2021-10-29,24330,0
2021-10-30,24330,0
2021-10-31,24330,0
2021-11-01,24330,0
2021-11-02,24330,0
2021-11-03,24330,0
2021-11-04,24330,0
2021-11-05,24330,0
2021-11-06,24330,0
2021-11-07,24330,0
2021-11-08,24330,0
2021-11-09,24330,0
2021-11-10,24990,1
2021-11-11,24990,0
2021-11-12,24990,0
2021-11-13,24990,0
2021-11-14,24990,0
2021-11-15,24990,0
2021-11-16,24990,0
2021-11-17,24990,0
2021-11-18,24990,0
2021-11-19,24990,0
2021-11-20,24990,0
2021-11-21,24990,0
2021-11-22,24990,0
2021-11-23,24990,0
2021-11-24,24990,0
2021-11-25,23900,1
2021-11-26,23900,0
2021-11-27,23900,0
2021-11-28,23900,0
2021-11-29,23900,0
2021-11-30,23900,0
2021-12-01,23900,0
2021-12-02,23900,0
2021-12-03,23900,0
2021-12-04,23900,0
2021-12-05,23900,0
2021-12-06,23900,0
2021-12-07,23900,0
2021-12-08,23900,0
2021-12-09,23900,0
2021-12-10,22800,1
2021-12-11,22800,0
2021-12-12,22800,0
2021-12-13,22800,0
2021-12-14,22800,0
2021-12-15,22800,0
2021-12-16,22800,0
2021-12-17,22800,0
2021-12-18,22800,0
2021-12-19,22800,0
2021-12-20,22800,0
2021-12-21,22800,0
2021-12-22,22800,0
2021-12-23,22800,0
2021-12-24,22800,0
2021-12-25,22800,0
2021-12-26,22800,0
2021-12-27,22800,0
2021-12-28,22800,0
2021-12-29,22800,0
2021-12-30,22800,0
2021-12-31,22800,0
2022-01-01,22800,0
2022-01-02,22800,0
2022-01-03,22800,0
2022-01-04,22800,0
2022-01-05,22800,0
2022-01-06,22800,0
2022-01-07,22800,0
2022-01-08,22800,0
2022-01-09,22800,0
2022-01-10,22800,0
2022-01-11,23870,1
2022-01-12,23870,0
2022-01-13,23870,0
2022-01-14,23870,0
2022-01-15,23870,0
2022-01-16,23870,0
2022-01-17,23870,0
2022-01-18,23870,0
2022-01-19,23870,0
2022-01-20,23870,0
2022-01-21,24360,1
2022-01-22,24360,0
2022-01-23,24360,0
2022-01-24,24360,0
2022-01-25,24360,0
2022-01-26,24360,0
2022-01-27,24360,0
2022-01-28,24360,0
2022-01-29,24360,0
2022-01-30,24360,0
2022-01-31,24360,0
2022-02-01,24360,0
2022-02-02,24360,0
2022-02-03,24360,0
2022-02-04,24360,0
2022-02-05,24360,0
2022-02-06,24360,0
2022-02-07,24360,0
2022-02-08,24360,0
2022-02-09,24360,0
2022-02-10,24360,0
2022-02-11,25320,1
2022-02-12,25320,0
2022-02-13,25320,0
2022-02-14,25320,0
2022-02-15,25320,0
2022-02-16,25320,0
2022-02-17,25320,0
2022-02-18,25320,0
2022-02-19,25320,0
2022-02-20,25320,0
2022-02-21,26280,1
2022-02-22,26280,0
2022-02-23,26280,0
2022-02-24,26280,0
2022-02-25,26280,0
2022-02-26,26280,0
2022-02-27,26280,0
2022-02-28,26280,0
2022-03-01,26830,1
2022-03-02,26830,0
2022-03-03,26830,0
2022-03-04,26830,0
2022-03-05,26830,0
2022-03-06,26830,0
2022-03-07,26830,0
2022-03-08,26830,0
2022-03-09,26830,0
2022-03-10,26830,0
2022-03-11,29820,1
2022-03-12,29820,0
2022-03-13,29820,0
2022-03-14,29820,0
2022-03-15,29820,0
2022-03-16,29820,0
2022-03-17,29820,0
2022-03-18,29820,0
2022-03-19,29820,0
2022-03-20,29820,0
2022-03-21,29190,1
2022-03-22,29190,0
2022-03-23,29190,0
2022-03-24,29190,0
2022-03-25,29190,0
2022-03-26,29190,0
2022-03-27,29190,0
2022-03-28,29190,0
2022-03-29,29190,0
2022-03-30,29190,0
2022-03-31,29190,0
2022-04-01,28150,1
2022-04-02,28150,0
2022-04-03,28150,0
2022-04-04,28150,0
2022-04-05,28150,0
2022-04-06,28150,0
2022-04-07,28150,0
2022-04-08,28150,0
2022-04-09,28150,0
2022-04-10,28150,0
2022-04-11,28150,0
2022-04-12,27310,1
2022-04-13,27310,0
2022-04-14,27310,0
2022-04-15,27310,0
2022-04-16,27310,0
2022-04-17,27310,0
2022-04-18,27310,0
2022-04-19,27310,0
2022-04-20,27310,0
2022-04-21,27990,1
2022-04-22,27990,0
2022-04-23,27990,0
2022-04-24,27990,0
2022-04-25,27990,0
2022-04-26,27990,0
2022-04-27,27990,0
2022-04-28,27990,0
2022-04-29,27990,0
2022-04-30,27990,0
2022-05-01,27990,0
2022-05-02,27990,0
2022-05-03,27990,0
2022-05-04,28430,1
2022-05-05,28430,0
2022-05-06,28430,0
2022-05-07,28430,0
2022-05-08,28430,0
2022-05-09,28430,0
2022-05-10,28430,0
2022-05-11,29980,1
2022-05-12,29980,0
2022-05-13,29980,0
2022-05-14,29980,0
2022-05-15,29980,0
2022-05-16,29980,0
2022-05-17,29980,0
2022-05-18,29980,0
2022-05-19,29980,0
2022-05-20,29980,0
2022-05-21,29980,0
2022-05-22,29980,0
2022-05-23,30650,1
2022-05-24,30650,0
2022-05-25,30650,0
2022-05-26,30650,0
2022-05-27,30650,0
2022-05-28,30650,0
2022-05-29,30650,0
2022-05-30,30650,0
2022-05-31,30650,0
2022-06-01,31570,1
2022-06-02,31570,0
2022-06-03,31570,0
2022-06-04,31570,0
2022-06-05,31570,0
2022-06-06,31570,0
2022-06-07,31570,0
2022-06-08,31570,0
2022-06-09,31570,0
2022-06-10,31570,0
2022-06-11,31570,0
2022-06-12,31570,0
2022-06-13,32370,1
2022-06-14,32370,0
2022-06-15,32370,0
2022-06-16,32370,0
2022-06-17,32370,0
2022-06-18,32370,0
2022-06-19,32370,0
2022-06-20,32370,0
2022-06-21,32870,1
2022-06-22,32870,0
2022-06-23,32870,0
2022-06-24,32870,0
2022-06-25,32870,0
2022-06-26,32870,0
2022-06-27,32870,0
2022-06-28,32870,0
2022-06-29,32870,0
2022-06-30,32870,0
2022-07-01,32760,1
2022-07-02,32760,0
2022-07-03,32760,0
2022-07-04,32760,0
2022-07-05,32760,0
2022-07-06,32760,0
2022-07-07,32760,0
2022-07-08,32760,0
2022-07-09,32760,0
2022-07-10,32760,0
2022-07-11,29670,1
2022-07-12,29670,0
2022-07-13,29670,0
2022-07-14,29670,0
2022-07-15,29670,0
2022-07-16,29670,0
2022-07-17,29670,0
2022-07-18,29670,0
2022-07-19,29670,0
2022-07-20,29670,0
2022-07-21,26070,1
2022-07-22,26070,0
2022-07-23,26070,0
2022-07-24,26070,0
2022-07-25,26070,0
2022-07-26,26070,0
2022-07-27,26070,0
2022-07-28,26070,0
2022-07-29,26070,0
2022-07-30,26070,0
2022-07-31,26070,0
2022-08-01,25600,1
2022-08-02,25600,0
2022-08-03,25600,0
2022-08-04,25600,0
2022-08-05,25600,0
2022-08-06,25600,0
2022-08-07,25600,0
2022-08-08,25600,0
2022-08-09,25600,0
2022-08-10,25600,0
2022-08-11,24660,1
2022-08-12,24660,0
2022-08-13,24660,0
2022-08-14,24660,0
2022-08-15,24660,0
2022-08-16,24660,0
2022-08-17,24660,0
2022-08-18,24660,0
2022-08-19,24660,0
2022-08-20,24660,0
2022-08-21,24660,0
2022-08-22,24660,1
2022-08-23,24660,0
2022-08-24,24660,0
2022-08-25,24660,0
2022-08-26,24660,0
2022-08-27,24660,0
2022-08-28,24660,0
2022-08-29,24660,0
2022-08-30,24660,0
2022-08-31,24660,0
2022-09-01,24660,0
2022-09-02,24660,0
2022-09-03,24660,0
2022-09-04,24660,0
2022-09-05,24230,1
2022-09-06,24230,0
2022-09-07,24230,0
2022-09-08,24230,0
2022-09-09,24230,0
2022-09-10,24230,0
2022-09-11,24230,0
2022-09-12,23210,1
2022-09-13,23210,0
2022-09-14,23210,0
2022-09-15,23210,0
2022-09-16,23210,0
2022-09-17,23210,0
2022-09-18,23210,0
2022-09-19,23210,0
2022-09-20,23210,0
2022-09-21,22580,1
2022-09-22,22580,0
2022-09-23,22580,0
2022-09-24,22580,0
2022-09-25,22580,0
2022-09-26,22580,0
2022-09-27,22580,0
2022-09-28,22580,0
2022-09-29,22580,0
2022-09-30,22580,0
2022-10-01,22580,0
2022-10-02,22580,0
2022-10-03,21440,1
2022-10-04,21440,0
2022-10-05,21440,0
2022-10-06,21440,0
2022-10-07,21440,0
2022-10-08,21440,0
2022-10-09,21440,0
2022-10-10,21440,0
2022-10-11,22000,1
2022-10-12,22000,0
2022-10-13,22000,0
2022-10-14,22000,0
2022-10-15,22000,0
2022-10-16,22000,0
2022-10-17,22000,0
2022-10-18,22000,0
2022-10-19,22000,0
2022-10-20,22000,0
2022-10-21,22340,1
2022-10-22,22340,0
2022-10-23,22340,0
2022-10-24,22340,0
2022-10-25,22340,0
2022-10-26,22340,0
2022-10-27,22340,0
2022-10-28,22340,0
2022-10-29,22340,0
2022-10-30,22340,0
2022-10-31,22340,0
2022-11-01,22750,1
2022-11-02,22750,0
2022-11-03,22750,0
2022-11-04,22750,0
2022-11-05,22750,0
2022-11-06,22750,0
2022-11-07,22750,0
2022-11-08,22750,0
2022-11-09,22750,0
2022-11-10,22750,0
2022-11-11,23860,1
2022-11-12,23860,0
2022-11-13,23860,0
2022-11-14,23860,0
2022-11-15,23860,0
2022-11-16,23860,0
2022-11-17,23860,0
2022-11-18,23860,0
2022-11-19,23860,0
2022-11-20,23860,0
2022-11-21,23780,1
2022-11-22,23780,0
2022-11-23,23780,0
2022-11-24,23780,0
2022-11-25,23780,0
2022-11-26,23780,0
2022-11-27,23780,0
2022-11-28,23780,0
2022-11-29,23780,0
2022-11-30,23780,0
2022-12-01,22700,1
2022-12-02,22700,0
2022-12-03,22700,0
2022-12-04,22700,0
2022-12-05,22700,0
2022-12-06,22700,0
2022-12-07,22700,0
2022-12-08,22700,0
2022-12-09,22700,0
2022-12-10,22700,0
2022-12-11,22700,0
2022-12-12,21200,1
2022-12-13,21200,0
2022-12-14,21200,0
2022-12-15,21200,0
2022-12-16,21200,0
2022-12-17,21200,0
2022-12-18,21200,0
2022-12-19,21200,0
2022-12-20,21200,0
2022-12-21,20700,1
2022-12-22,20700,0
2022-12-23,20700,0
2022-12-24,20700,0
2022-12-25,20700,0
2022-12-26,20700,0
2022-12-27,20700,0
2022-12-28,20700,0
2022-12-29,20700,0
2022-12-30,20700,0
2022-12-31,20700,0
2023-01-01,21800,1
2023-01-02,21800,0
2023-01-03,22590,1
2023-01-04,22590,0
2023-01-05,22590,0
2023-01-06,22590,0
2023-01-07,22590,0
2023-01-08,22590,0
2023-01-09,22590,0
2023-01-10,22590,0
2023-01-11,22150,1
2023-01-12,22150,0
2023-01-13,22150,0
2023-01-14,22150,0
2023-01-15,22150,0
2023-01-16,22150,0
2023-01-17,22150,0
2023-01-18,22150,0
2023-01-19,22150,0
2023-01-20,22150,0
2023-01-21,22150,0
2023-01-22,22150,0
2023-01-23,22150,0
2023-01-24,22150,0
2023-01-25,22150,0
2023-01-26,22150,0
2023-01-27,22150,0
2023-01-28,22150,0
2023-01-29,22150,0
2023-01-30,23140,1
2023-01-31,23140,0
2023-02-01,23140,0
2023-02-02,23140,0
2023-02-03,23140,0
2023-02-04,23140,0
2023-02-05,23140,0
2023-02-06,23140,0
2023-02-07,23140,0
2023-02-08,23140,0
2023-02-09,23140,0
2023-02-10,23140,0
2023-02-11,23140,0
2023-02-12,23140,0
2023-02-13,23760,1
2023-02-14,23760,0
2023-02-15,23760,0
2023-02-16,23760,0
2023-02-17,23760,0
2023-02-18,23760,0
2023-02-19,23760,0
2023-02-20,23760,0
2023-02-21,23440,1
2023-02-22,23440,0
2023-02-23,23440,0
2023-02-24,23440,0
2023-02-25,23440,0
2023-02-26,23440,0
2023-02-27,23440,0
2023-02-28,23440,0
2023-03-01,23320,1
2023-03-02,23320,0
2023-03-03,23320,0
2023-03-04,23320,0
2023-03-05,23320,0
2023-03-06,23320,0
2023-03-07,23320,0
2023-03-08,23320,0
2023-03-09,23320,0
2023-03-10,23320,0
2023-03-11,23320,0
2023-03-12,23320,0
2023-03-13,23810,1
2023-03-14,23810,0
2023-03-15,23810,0
2023-03-16,23810,0
2023-03-17,23810,0
2023-03-18,23810,0
2023-03-19,23810,0
2023-03-20,23810,0
2023-03-21,23030,1
2023-03-22,23030,0
2023-03-23,23030,0
2023-03-24,23030,0
2023-03-25,23030,0
2023-03-26,23030,0
2023-03-27,23030,0
2023-03-28,23030,0
2023-03-29,23030,0
2023-03-30,23030,0
2023-03-31,23030,0
2023-04-01,23030,0
2023-04-02,23030,0
2023-04-03,23120,1
2023-04-04,23120,0
2023-04-05,23120,0
2023-04-06,23120,0
2023-04-07,23120,0
2023-04-08,23120,0
2023-04-09,23120,0
2023-04-10,23120,0
2023-04-11,24240,1
2023-04-12,24240,0
2023-04-13,24240,0
2023-04-14,24240,0
2023-04-15,24240,0
2023-04-16,24240,0
2023-04-17,24240,0
2023-04-18,24240,0
2023-04-19,24240,0
2023-04-20,24240,0
2023-04-21,23630,1
2023-04-22,23630,0
2023-04-23,23630,0
2023-04-24,23630,0
2023-04-25,23630,0
2023-04-26,23630,0
2023-04-27,23630,0
2023-04-28,23630,0
2023-04-29,23630,0
2023-04-30,23630,0
2023-05-01,23630,0
2023-05-02,23630,0
2023-05-03,23630,0
2023-05-04,22320,1
2023-05-05,22320,0
2023-05-06,22320,0
2023-05-07,22320,0
2023-05-08,22320,0
2023-05-09,22320,0
2023-05-10,22320,0
2023-05-11,21000,1
2023-05-12,21000,0
2023-05-13,21000,0
2023-05-14,21000,0
2023-05-15,21000,0
2023-05-16,21000,0
2023-05-17,21000,0
2023-05-18,21000,0
2023-05-19,21000,0
2023-05-20,21000,0
2023-05-21,21000,0
2023-05-22,21000,0
2023-05-23,21000,0
2023-05-24,21000,0
2023-05-25,21000,0
2023-05-26,21000,0
2023-05-27,21000,0
2023-05-28,21000,0
2023-05-29,21000,0
2023-05-30,21000,0
2023-05-31,21000,0
2023-06-01,22010,1
2023-06-02,22010,0
2023-06-03,22010,0
2023-06-04,22010,0
2023-06-05,22010,0
2023-06-06,22010,0
2023-06-07,22010,0
2023-06-08,22010,0
2023-06-09,22010,0
2023-06-10,22010,0
2023-06-11,22010,0
2023-06-12,22010,0
2023-06-13,22010,0
2023-06-14,22010,0
2023-06-15,22010,0
2023-06-16,22010,0
2023-06-17,22010,0
2023-06-18,22010,0
2023-06-19,22010,0
2023-06-20,22010,0
2023-06-21,22010,1
2023-06-22,22010,0
2023-06-23,22010,0
2023-06-24,22010,0
2023-06-25,22010,0
2023-06-26,22010,0
2023-06-27,22010,0
2023-06-28,22010,0
2023-06-29,22010,0
2023-06-30,22010,0
2023-07-01,22010,0
2023-07-02,22010,0
2023-07-03,21420,1
2023-07-04,21420,0
2023-07-05,21420,0
2023-07-06,21420,0
2023-07-07,21420,0
2023-07-08,21420,0
2023-07-09,21420,0
2023-07-10,21420,0
2023-07-11,21490,1
2023-07-12,21490,0
2023-07-13,21490,0
2023-07-14,21490,0
2023-07-15,21490,0
2023-07-16,21490,0
2023-07-17,21490,0
2023-07-18,21490,0
2023-07-19,21490,0
2023-07-20,21490,0
2023-07-21,21490,0
2023-07-22,21490,0
2023-07-23,21490,0
2023-07-24,21490,0
2023-07-25,21490,0
2023-07-26,21490,0
2023-07-27,21490,0
2023-07-28,21490,0
2023-07-29,21490,0
2023-07-30,21490,0
2023-07-31,21490,0
2023-08-01,23960,1
2023-08-02,23960,0
2023-08-03,23960,0
2023-08-04,23960,0
2023-08-05,23960,0
2023-08-06,23960,0
2023-08-07,23960,0
2023-08-08,23960,0
2023-08-09,23960,0
2023-08-10,23960,0
2023-08-11,23990,1
2023-08-12,23990,0
2023-08-13,23990,0
2023-08-14,23990,0
2023-08-15,23990,0
2023-08-16,23990,0
2023-08-17,23990,0
2023-08-18,23990,0
2023-08-19,23990,0
2023-08-20,23990,0
2023-08-21,24600,1
2023-08-22,24600,0
2023-08-23,24600,0
2023-08-24,24600,0
2023-08-25,24600,0
2023-08-26,24600,0
2023-08-27,24600,0
2023-08-28,24600,0
2023-08-29,24600,0
2023-08-30,24600,0
2023-08-31,24600,0
2023-09-01,24600,0
2023-09-02,24600,0
2023-09-03,24600,0
2023-09-04,24600,0
2023-09-05,24870,1
2023-09-06,24870,0
2023-09-07,24870,0
2023-09-08,24870,0
2023-09-09,24870,0
2023-09-10,24870,0
2023-09-11,24870,1
2023-09-12,24870,0
2023-09-13,24870,0
2023-09-14,24870,0
2023-09-15,24870,0
2023-09-16,24870,0
2023-09-17,24870,0
2023-09-18,24870,0
2023-09-19,24870,0
2023-09-20,24870,0
2023-09-21,25740,1
2023-09-22,25740,0
2023-09-23,25740,0
2023-09-24,25740,0
2023-09-25,25740,0
2023-09-26,25740,0
2023-09-27,25740,0
2023-09-28,25740,0
2023-09-29,25740,0
2023-09-30,25740,0
2023-10-01,25740,0
2023-10-02,24840,1
2023-10-03,24840,0
2023-10-04,24840,0
2023-10-05,24840,0
2023-10-06,24840,0
2023-10-07,24840,0
2023-10-08,24840,0
2023-10-09,24840,0
2023-10-10,24840,0
2023-10-11,23040,1
2023-10-12,23040,0
2023-10-13,23040,0
2023-10-14,23040,0
2023-10-15,23040,0
2023-10-16,23040,0
2023-10-17,23040,0
2023-10-18,23040,0
2023-10-19,23040,0
2023-10-20,23040,0
2023-10-21,23040,0
2023-10-22,23040,0
2023-10-23,23510,1
2023-10-24,23510,0
2023-10-25,23510,0
2023-10-26,23510,0
2023-10-27,23510,0
2023-10-28,23510,0
2023-10-29,23510,0
2023-10-30,23510,0
2023-10-31,23510,0
2023-11-01,23920,1
2023-11-02,23920,0
2023-11-03,23920,0
2023-11-04,23920,0
2023-11-05,23920,0
2023-11-06,23920,0
2023-11-07,23920,0
2023-11-08,23920,0
2023-11-09,23920,0
2023-11-10,23920,0
2023-11-11,23920,0
2023-11-12,23920,0
2023-11-13,23530,1
2023-11-14,23530,0
2023-11-15,23530,0
2023-11-16,23530,0
2023-11-17,23530,0
2023-11-18,23530,0
2023-11-19,23530,0
2023-11-20,23530,0
2023-11-21,23530,0
2023-11-22,23530,0
2023-11-23,23020,1
2023-11-24,23020,0
2023-11-25,23020,0
2023-11-26,23020,0
2023-11-27,23020,0
2023-11-28,23020,0
2023-11-29,23020,0
2023-11-30,22990,1
2023-12-01,22990,0
2023-12-02,22990,0
2023-12-03,22990,0
2023-12-04,22990,0
2023-12-05,22990,0
2023-12-06,22990,0
2023-12-07,22320,1
2023-12-08,22320,0
2023-12-09,22320,0
2023-12-10,22320,0
2023-12-11,22320,0
2023-12-12,22320,0
2023-12-13,22320,0
2023-12-14,21400,1
2023-12-15,21400,0
2023-12-16,21400,0
2023-12-17,21400,0
2023-12-18,21400,0
2023-12-19,21400,0
2023-12-20,21400,0
2023-12-21,22140,1
2023-12-22,22140,0
2023-12-23,22140,0
2023-12-24,22140,0
2023-12-25,22140,0
2023-12-26,22140,0
2023-12-27,22140,0
2023-12-28,22140,1
2023-12-29,22140,0
2023-12-30,22140,0
2023-12-31,22140,0
2024-01-01,22140,0
2024-01-02,22140,0
2024-01-03,22140,0
2024-01-04,21910,1
2024-01-05,21910,0
2024-01-06,21910,0
2024-01-07,21910,0
2024-01-08,21910,0
2024-01-09,21910,0
2024-01-10,21910,0
2024-01-11,21930,1
2024-01-12,21930,0
2024-01-13,21930,0
2024-01-14,21930,0
2024-01-15,21930,0
2024-01-16,21930,0
2024-01-17,21930,0
2024-01-18,22480,1
2024-01-19,22480,0
2024-01-20,22480,0
2024-01-21,22480,0
2024-01-22,22480,0
2024-01-23,22480,0
2024-01-24,22480,0
2024-01-25,23400,1
2024-01-26,23400,0
2024-01-27,23400,0
2024-01-28,23400,0
2024-01-29,23400,0
2024-01-30,23400,0
2024-01-31,23400,0
2024-02-01,24160,1
2024-02-02,24160,0
2024-02-03,24160,0
2024-02-04,24160,0
2024-02-05,24160,0
2024-02-06,24160,0
2024-02-07,24160,0
2024-02-08,23260,1
2024-02-09,23260,0
2024-02-10,23260,0
2024-02-11,23260,0
2024-02-12,23260,0
2024-02-13,23260,0
2024-02-14,23260,0
2024-02-15,23910,1
2024-02-16,23910,0
2024-02-17,23910,0
2024-02-18,23910,0
2024-02-19,23910,0
2024-02-20,23910,0
2024-02-21,23910,0
2024-02-22,24060,1
2024-02-23,24060,0
2024-02-24,24060,0
2024-02-25,24060,0
2024-02-26,24060,0
2024-02-27,24060,0
2024-02-28,24060,0
2024-02-29,23920,1
2024-03-01,23920,0
2024-03-02,23920,0
2024-03-03,23920,0
2024-03-04,23920,0
2024-03-05,23920,0
2024-03-06,23920,0
2024-03-07,23550,1
2024-03-08,23550,0
2024-03-09,23550,0
2024-03-10,23550,0
2024-03-11,23550,0
2024-03-12,23550,0
2024-03-13,23550,0
2024-03-14,23540,1
2024-03-15,23540,0
2024-03-16,23540,0
2024-03-17,23540,0
2024-03-18,23540,0
2024-03-19,23540,0
2024-03-20,23540,0
2024-03-21,24280,1
2024-03-22,24280,0
2024-03-23,24280,0
2024-03-24,24280,0
2024-03-25,24280,0
2024-03-26,24280,0
2024-03-27,24280,0
2024-03-28,24810,1
2024-03-29,24810,0
2024-03-30,24810,0
2024-03-31,24810,0
2024-04-01,24810,0
2024-04-02,24810,0
2024-04-03,24810,0
2024-04-04,24800,1
2024-04-05,24800,0
2024-04-06,24800,0
2024-04-07,24800,0
2024-04-08,24800,0
2024-04-09,24800,0
2024-04-10,24800,0
2024-04-11,24820,1
2024-04-12,24820,0
2024-04-13,24820,0
2024-04-14,24820,0
2024-04-15,24820,0
2024-04-16,24820,0
2024-04-17,25230,1
2024-04-18,25230,0
2024-04-19,25230,0
2024-04-20,25230,0
2024-04-21,25230,0
2024-04-22,25230,0
2024-04-23,25230,0
2024-04-24,25230,0
2024-04-25,24910,1
2024-04-26,24910,0
2024-04-27,24910,0
2024-04-28,24910,0
2024-04-29,24910,0
2024-04-30,24910,0
2024-05-01,24910,0
2024-05-02,24950,1
2024-05-03,24950,0
2024-05-04,24950,0
2024-05-05,24950,0
2024-05-06,24950,0
2024-05-07,24950,0
2024-05-08,24950,0
2024-05-09,23540,1
2024-05-10,23540,0
2024-05-11,23540,0
2024-05-12,23540,0
2024-05-13,23540,0
2024-05-14,23540,0
2024-05-15,23540,0
2024-05-16,23130,1
2024-05-17,23130,0
2024-05-18,23130,0
2024-05-19,23130,0
2024-05-20,23130,0
2024-05-21,23130,0
2024-05-22,23130,0
2024-05-23,23210,1
2024-05-24,23210,0
2024-05-25,23210,0
2024-05-26,23210,0
2024-05-27,23210,0
2024-05-28,23210,0
2024-05-29,23210,0
2024-05-30,22960,1
2024-05-31,22960,0
2024-06-01,22960,0
2024-06-02,22960,0
2024-06-03,22960,0
2024-06-04,22960,0
2024-06-05,22960,0
2024-06-06,21970,1
2024-06-07,21970,0
2024-06-08,21970,0
2024-06-09,21970,0
2024-06-10,21970,0
2024-06-11,21970,0
2024-06-12,21970,0
2024-06-13,22230,1
2024-06-14,22230,0
2024-06-15,22230,0
2024-06-16,22230,0
2024-06-17,22230,0
2024-06-18,22230,0
2024-06-19,22230,0
2024-06-20,22460,1
2024-06-21,22460,0
2024-06-22,22460,0
2024-06-23,22460,0
2024-06-24,22460,0
2024-06-25,22460,0
2024-06-26,22460,0
2024-06-27,23010,1
2024-06-28,23010,0
2024-06-29,23010,0
2024-06-30,23010,0
2024-07-01,23010,0
2024-07-02,23010,0
2024-07-03,23010,0
2024-07-04,23550,1
2024-07-05,23550,0
2024-07-06,23550,0
2024-07-07,23550,0
2024-07-08,23550,0
2024-07-09,23550,0
2024-07-10,23550,0
2024-07-11,23290,1
2024-07-12,23290,0
2024-07-13,23290,0
2024-07-14,23290,0
2024-07-15,23290,0
2024-07-16,23290,0
2024-07-17,23290,0
2024-07-18,23170,1
2024-07-19,23170,0
2024-07-20,23170,0
2024-07-21,23170,0
2024-07-22,23170,0
2024-07-23,23170,0
2024-07-24,23170,0
2024-07-25,22880,1
2024-07-26,22880,0
2024-07-27,22880,0
2024-07-28,22880,0
2024-07-29,22880,0
2024-07-30,22880,0
2024-07-31,22880,0
2024-08-01,22600,1
2024-08-02,22600,0
2024-08-03,22600,0
2024-08-04,22600,0
2024-08-05,22600,0
2024-08-06,22600,0
2024-08-07,22600,0
2024-08-08,21670,1
2024-08-09,21670,0
2024-08-10,21670,0
2024-08-11,21670,0
2024-08-12,21670,0
2024-08-13,21670,0
2024-08-14,21670,0
2024-08-15,21850,1
2024-08-16,21850,0
2024-08-17,21850,0
2024-08-18,21850,0
2024-08-19,21850,0
2024-08-20,21850,0
2024-08-21,21850,0
2024-08-22,21310,1
2024-08-23,21310,0
2024-08-24,21310,0
2024-08-25,21310,0
2024-08-26,21310,0
2024-08-27,21310,0
2024-08-28,21310,0
2024-08-29,21100,1
2024-08-30,21100,0
2024-08-31,21100,0
2024-09-01,21100,0
2024-09-02,21100,0
2024-09-03,21100,0
2024-09-04,21100,0
2024-09-05,20820,1
2024-09-06,20820,0
2024-09-07,20820,0
2024-09-08,20820,0
2024-09-09,20820,0
2024-09-10,20820,0
2024-09-11,20820,0
2024-09-12,19630,1
2024-09-13,19630,0
2024-09-14,19630,0
2024-09-15,19630,0
2024-09-16,19630,0
2024-09-17,19630,0
2024-09-18,19630,0
2024-09-19,19760,1
2024-09-20,19760,0
2024-09-21,19760,0
2024-09-22,19760,0
2024-09-23,19760,0
2024-09-24,19760,0
2024-09-25,19760,0
2024-09-26,20510,1
2024-09-27,20510,0
2024-09-28,20510,0
2024-09-29,20510,0
2024-09-30,20510,0
2024-10-01,20510,0
2024-10-02,20510,0
2024-10-03,19800,1
2024-10-04,19800,0
2024-10-05,19800,0
2024-10-06,19800,0
2024-10-07,19800,0
2024-10-08,19800,0
2024-10-09,19800,0
2024-10-10,21060,1
2024-10-11,21060,0
2024-10-12,21060,0
2024-10-13,21060,0
2024-10-14,21060,0
2024-10-15,21060,0
2024-10-16,21060,0
2024-10-17,20960,1
2024-10-18,20960,0
2024-10-19,20960,0
2024-10-20,20960,0
2024-10-21,20960,0
2024-10-22,20960,0
2024-10-23,20960,0
2024-10-24,20890,1
2024-10-25,20890,0
2024-10-26,20890,0
2024-10-27,20890,0
2024-10-28,20890,0
2024-10-29,20890,0
2024-10-30,20890,0
2024-10-31,20500,1
2024-11-01,20500,0
2024-11-02,20500,0
2024-11-03,20500,0
2024-11-04,20500,0
2024-11-05,20500,0
2024-11-06,20500,0
2024-11-07,20850,1
2024-11-08,20850,0
2024-11-09,20850,0
2024-11-10,20850,0
2024-11-11,20850,0
2024-11-12,20850,0
2024-11-13,20850,0
2024-11-14,20600,1
2024-11-15,20600,0
2024-11-16,20600,0
2024-11-17,20600,0
2024-11-18,20600,0
2024-11-19,20600,0
2024-11-20,20600,0
2024-11-21,20520,1
2024-11-22,20520,0
2024-11-23,20520,0
2024-11-24,20520,0
2024-11-25,20520,0
2024-11-26,20520,0
2024-11-27,20520,0
2024-11-28,20850,1
2024-11-29,20850,0
2024-11-30,20850,0
2024-12-01,20850,0
2024-12-02,20850,0
2024-12-03,20850,0
2024-12-04,20850,0
2024-12-05,20560,1
2024-12-06,20560,0
2024-12-07,20560,0
2024-12-08,20560,0
2024-12-09,20560,0
2024-12-10,20560,0
2024-12-11,20560,0
2024-12-12,20590,1
2024-12-13,20590,0
2024-12-14,20590,0
2024-12-15,20590,0
2024-12-16,20590,0
2024-12-17,20590,0
2024-12-18,20590,0
2024-12-19,21000,1
2024-12-20,21000,0
2024-12-21,21000,0
2024-12-22,21000,0
2024-12-23,21000,0
2024-12-24,21000,0
2024-12-25,21000,0
2024-12-26,20540,1
2024-12-27,20540,0
2024-12-28,20540,0
2024-12-29,20540,0
2024-12-30,20540,0
2024-12-31,20540,0
2025-01-01,20540,0
2025-01-02,20740,1
2025-01-03,20740,0
2025-01-04,20740,0
2025-01-05,20740,0
2025-01-06,20740,0
2025-01-07,20740,0
2025-01-08,20740,0
2025-01-09,21010,1
2025-01-10,21010,0
2025-01-11,21010,0
2025-01-12,21010,0
2025-01-13,21010,0
2025-01-14,21010,0
2025-01-15,21010,0
2025-01-16,21220,1
2025-01-17,21220,0
2025-01-18,21220,0
2025-01-19,21220,0
2025-01-20,21220,0
2025-01-21,21220,0
2025-01-22,21220,0
2025-01-23,21140,1
2025-01-24,21140,0
2025-01-25,21140,0
2025-01-26,21140,0
2025-01-27,21140,0
2025-01-28,21140,0
2025-01-29,21140,0
2025-01-30,21140,0
2025-01-31,21140,0
2025-02-01,21000,1
2025-02-02,21000,0
2025-02-03,21000,0
2025-02-04,21000,0
2025-02-05,21000,0
2025-02-06,20920,1
2025-02-07,20920,0
2025-02-08,20920,0
2025-02-09,20920,0
2025-02-10,20920,0
2025-02-11,20920,0
2025-02-12,20920,0
2025-02-13,21070,1
2025-02-14,21070,0
2025-02-15,21070,0
2025-02-16,21070,0
2025-02-17,21070,0
2025-02-18,21070,0
2025-02-19,21070,0
2025-02-20,21330,1
2025-02-21,21330,0
2025-02-22,21330,0
2025-02-23,21330,0
2025-02-24,21330,0
2025-02-25,21330,0
2025-02-26,21330,0
2025-02-27,21110,1
2025-02-28,21110,0
2025-03-01,21110,0
2025-03-02,21110,0
2025-03-03,21110,0
2025-03-04,21110,0
2025-03-05,21110,0
2025-03-06,20400,1
2025-03-07,20400,0
2025-03-08,20400,0
2025-03-09,20400,0
2025-03-10,20400,0
2025-03-11,20400,0
2025-03-12,20400,0
2025-03-13,19640,1
2025-03-14,19640,0
2025-03-15,19640,0
2025-03-16,19640,0
2025-03-17,19640,0
2025-03-18,19640,0
2025-03-19,19640,0
2025-03-20,20080,1
2025-03-21,20080,0
2025-03-22,20080,0
2025-03-23,20080,0
2025-03-24,20080,0
2025-03-25,20080,0
2025-03-26,20080,0
2025-03-27,20420,1
2025-03-28,20420,0
2025-03-29,20420,0
2025-03-30,20420,0
2025-03-31,20420,0
2025-04-01,20420,0
2025-04-02,20420,0
2025-04-03,20910,1
2025-04-04,20910,0
2025-04-05,20910,0
2025-04-06,20910,0
2025-04-07,20910,0
2025-04-08,20910,0
2025-04-09,20910,0
2025-04-10,19200,1
2025-04-11,19200,0
2025-04-12,19200,0
2025-04-13,19200,0
2025-04-14,19200,0
2025-04-15,19200,0
2025-04-16,19200,0
2025-04-17,18850,1
2025-04-18,18850,0
2025-04-19,18850,0
2025-04-20,18850,0
2025-04-21,18850,0
2025-04-22,18850,0
2025-04-23,18850,0
2025-04-24,19630,1
2025-04-25,19630,0
2025-04-26,19630,0
2025-04-27,19630,0
2025-04-28,19630,0
2025-04-29,19630,0
2025-04-30,19630,0
2025-05-01,19630,0
2025-05-02,19630,0
2025-05-03,19630,0
2025-05-04,19630,0
2025-05-05,19580,1
2025-05-06,19580,0
2025-05-07,19580,0
2025-05-08,19170,1
2025-05-09,19170,0
2025-05-10,19170,0
2025-05-11,19170,0
2025-05-12,19170,0
2025-05-13,19170,0
2025-05-14,19170,0
2025-05-15,19590,1
2025-05-16,19590,0
2025-05-17,19590,0
2025-05-18,19590,0
2025-05-19,19590,0
2025-05-20,19590,0
2025-05-21,19590,0
2025-05-22,19530,1
2025-05-23,19530,0
2025-05-24,19530,0
2025-05-25,19530,0
2025-05-26,19530,0
2025-05-27,19530,0
2025-05-28,19530,0
2025-05-29,19560,1
2025-05-30,19560,0
2025-05-31,19560,0
2025-06-01,19560,0
2025-06-02,19560,0
2025-06-03,19560,0
2025-06-04,19560,0
2025-06-05,19690,1
2025-06-06,19690,0
2025-06-07,19690,0
2025-06-08,19690,0
2025-06-09,19690,0
2025-06-10,19690,0
2025-06-11,19690,0
2025-06-12,19960,1
2025-06-13,19960,0
2025-06-14,19960,0
2025-06-15,19960,0
2025-06-16,19960,0
2025-06-17,19960,0
2025-06-18,19960,0
2025-06-19,21240,1
2025-06-20,21240,0
2025-06-21,21240,0
2025-06-22,21240,0
2025-06-23,21240,0
2025-06-24,21240,0
2025-06-25,21240,0
2025-06-26,21500,1
2025-06-27,21500,0
2025-06-28,21500,0
2025-06-29,21500,0
2025-06-30,21500,0
2025-07-01,21110,1
2025-07-02,21110,0
2025-07-03,19900,1
2025-07-04,19900,0
2025-07-05,19900,0
2025-07-06,19900,0
2025-07-07,19900,0
2025-07-08,19900,0
2025-07-09,19900,0
2025-07-10,20090,1
2025-07-11,20090,0
2025-07-12,20090,0
2025-07-13,20090,0
2025-07-14,20090,0
2025-07-15,20090,0
2025-07-16,20090,0
2025-07-17,19920,1
2025-07-18,19920,0
2025-07-19,19920,0
2025-07-20,19920,0
2025-07-21,19920,0
2025-07-22,19920,0
2025-07-23,19920,0
2025-07-24,19700,1
2025-07-25,19700,0
2025-07-26,19700,0
2025-07-27,19700,0
2025-07-28,19700,0
2025-07-29,19700,0
2025-07-30,19700,0
2025-07-31,19840,1
2025-08-01,19840,0
2025-08-02,19840,0
2025-08-03,19840,0
2025-08-04,19840,0
2025-08-05,19840,0
2025-08-06,19840,0
2025-08-07,20070,1
2025-08-08,20070,0
2025-08-09,20070,0
2025-08-10,20070,0
2025-08-11,20070,0
2025-08-12,20070,0
2025-08-13,20070,0
2025-08-14,19880,1
2025-08-15,19880,0
2025-08-16,19880,0
2025-08-17,19880,0
2025-08-18,19880,0
2025-08-19,19880,0
2025-08-20,19880,0
2025-08-21,20090,1
2025-08-22,20090,0
2025-08-23,20090,0
2025-08-24,20090,0
2025-08-25,20090,0
2025-08-26,20090,0
2025-08-27,20090,0
2025-08-28,20360,1
2025-08-29,20360,0
2025-08-30,20360,0
2025-08-31,20360,0
2025-09-01,20360,0
2025-09-02,20360,0
2025-09-03,20360,0
2025-09-04,20430,1
2025-09-05,20430,0
2025-09-06,20430,0
2025-09-07,20430,0
2025-09-08,20430,0
2025-09-09,20430,0
2025-09-10,20430,0
2025-09-11,20400,1
2025-09-12,20400,0
2025-09-13,20400,0
2025-09-14,20400,0
2025-09-15,20400,0
2025-09-16,20400,0
2025-09-17,20400,0
2025-09-18,20600,1
2025-09-19,20600,0
2025-09-20,20600,0
2025-09-21,20600,0
2025-09-22,20600,0
2025-09-23,20600,0
2025-09-24,20600,0
2025-09-25,20160,1
2025-09-26,20160,0
2025-09-27,20160,0
2025-09-28,20160,0
2025-09-29,20160,0
2025-09-30,20160,0
2025-10-01,20160,0
2025-10-02,20200,1
2025-10-03,20200,0
2025-10-04,20200,0
2025-10-05,20200,0
2025-10-06,20200,0
2025-10-07,20200,0
2025-10-08,20200,0
2025-10-09,19720,1
2025-10-10,19720,0
2025-10-11,19720,0
2025-10-12,19720,0
2025-10-13,19720,0
2025-10-14,19720,0
2025-10-15,19720,0
2025-10-16,19900,1
2025-10-17,19900,0
2025-10-18,19900,0
2025-10-19,19900,0
2025-10-20,19900,0
2025-10-21,19900,0
2025-10-22,19900,0
2025-10-23,19720,1
2025-10-24,19720,0
2025-10-25,19720,0
2025-10-26,19720,0
2025-10-27,19720,0
2025-10-28,19720,0
2025-10-29,19720,0
2025-10-30,20480,1
2025-10-31,20480,0
2025-11-01,20480,0
2025-11-02,20480,0
2025-11-03,20480,0
2025-11-04,20480,0
2025-11-05,20480,0
2025-11-06,20410,1
2025-11-07,20410,0
2025-11-08,20410,0
2025-11-09,20410,0
2025-11-10,20410,0
2025-11-11,20410,0
2025-11-12,20410,0
2025-11-13,20570,1
2025-11-14,20570,0
2025-11-15,20570,0
2025-11-16,20570,0
2025-11-17,20570,0
2025-11-18,20570,0
2025-11-19,20570,0
2025-11-20,20540,1
2025-11-21,20540,0
2025-11-22,20540,0
2025-11-23,20540,0
2025-11-24,20540,0
2025-11-25,20540,0
2025-11-26,20540,0
2025-11-27,20000,1
2025-11-28,20000,0
2025-11-29,20000,0
2025-11-30,20000,0
2025-12-01,20000,0
2025-12-02,20000,0
2025-12-03,20000,0
2025-12-04,20460,1
2025-12-05,20460,0
2025-12-06,20460,0
2025-12-07,20460,0
2025-12-08,20460,0
2025-12-09,20460,0
2025-12-10,20460,0
2025-12-11,20080,1
2025-12-12,20080,0
2025-12-13,20080,0
2025-12-14,20080,0
2025-12-15,20080,0
2025-12-16,20080,0
2025-12-17,20080,0
2025-12-18,19620,1
2025-12-19,19620,0
2025-12-20,19620,0
2025-12-21,19620,0
2025-12-22,19620,0
2025-12-23,19620,0
2025-12-24,19620,0
2025-12-25,19000,1
2025-12-26,19000,0
2025-12-27,19000,0
2025-12-28,19000,0
2025-12-29,19000,0
2025-12-30,19000,0
2025-12-31,18910,1
2026-01-01,18910,0
2026-01-02,18910,0
2026-01-03,18910,0
2026-01-04,18910,0
2026-01-05,18910,0
2026-01-06,18910,0
2026-01-07,18910,0
2026-01-08,18560,1
2026-01-09,18560,0
2026-01-10,18560,0
2026-01-11,18560,0
2026-01-12,18560,0
2026-01-13,18560,0
2026-01-14,18560,0
2026-01-15,18710,1
2026-01-16,18710,0
2026-01-17,18710,0
2026-01-18,18710,0
2026-01-19,18710,0
2026-01-20,18710,0
2026-01-21,18710,0
2026-01-22,18630,1
2026-01-23,18630,0
2026-01-24,18630,0
2026-01-25,18630,0
2026-01-26,18630,0
2026-01-27,18630,0
2026-01-28,18630,0
2026-01-29,18840,1
2026-01-30,18840,0
2026-01-31,18840,0
2026-02-01,18840,0
2026-02-02,18840,0
2026-02-03,18840,0
2026-02-04,18840,0
2026-02-05,18880,1
2026-02-06,18880,0
2026-02-07,18880,0
2026-02-08,18880,0
2026-02-09,18880,0
2026-02-10,18880,0
2026-02-11,18880,0
2026-02-12,19290,1
2026-02-13,19290,0
2026-02-14,19290,0
2026-02-15,19290,0
2026-02-16,19290,0
2026-02-17,19290,0
2026-02-18,19290,0
2026-02-19,19290,0
2026-02-20,19150,1
2026-02-21,19150,0
2026-02-22,19150,0
2026-02-23,19150,0
2026-02-24,19150,0
2026-02-25,19150,0
2026-02-26,20150,1
2026-02-27,20150,0
2026-02-28,20150,0
2026-03-01,20150,0
2026-03-02,20150,0
2026-03-03,20150,0
2026-03-04,20150,0
2026-03-05,22340,1
2026-03-06,22340,0
2026-03-07,27040,1
2026-03-08,27040,0
2026-03-09,27040,0
2026-03-10,29120,1
2026-03-11,25240,1
2026-03-12,25570,1
2026-03-13,25570,0
2026-03-14,25570,0
2026-03-15,25570,0
2026-03-16,25570,0
2026-03-17,25570,0
2026-03-18,25570,0
2026-03-19,30690,1
2026-03-20,30690,0
2026-03-21,30690,0
2026-03-22,30690,0
2026-03-23,30690,0
2026-03-24,33840,1
2026-03-25,29950,1
2026-03-26,24330,1
2026-03-27,24330,0
2026-03-28,24330,0
2026-03-29,24330,0
2026-03-30,24330,0
2026-03-31,24330,0
2026-04-01,24330,0
2026-04-02,25150,1
2026-04-03,26970,1
2026-04-04,26970,0
2026-04-05,26970,0
2026-04-06,26970,0
2026-04-07,26970,0
2026-04-08,26530,1
2026-04-09,23540,1
2026-04-10,23540,0
2026-04-11,23540,0
2026-04-12,23540,0
2026-04-13,23540,0
2026-04-14,23540,0
2026-04-15,23540,0
2026-04-16,23760,1
2026-04-17,23760,0
2026-04-18,23760,0
2026-04-19,23760,0
2026-04-20,23760,0
2026-04-21,23040,1
2026-04-22,23040,0
2026-04-23,22880,1
2026-04-24,22880,0
2026-04-25,22880,0
2026-04-26,22880,0
2026-04-27,22880,0
2026-04-28,22880,0
2026-04-29,23750,1
2026-04-30,23750,0
2026-05-01,23750,0
2026-05-02,23750,0
2026-05-03,23750,0
2026-05-04,23750,0
2026-05-05,23750,0
2026-05-06,23750,0
2026-05-07,24350,1
2026-05-08,24350,0
2026-05-09,24350,0
2026-05-10,24350,0
2026-05-11,24350,0
2026-05-12,24350,0
2026-05-13,24350,0
2026-05-14,24070,1
2026-05-15,24070,0
2026-05-16,24070,0
2026-05-17,24070,0
2026-05-18,24070,0
2026-05-19,24070,0
2026-05-20,24070,0
2026-05-21,25540,1
